Run,Kendall Tau,NDKL,Average Exposure
0,0.5555555555555556,0.27074630976691794,0.7912786248326187
