Run,Kendall Tau,NDKL,Average Exposure
0,1.0,0.25081104882143573,0.7233978293491788
