Run,Kendall Tau,NDKL,Average Exposure
0,1.0,0.2816075695100004,0.6544000902357406
