Run,Kendall Tau,NDKL,Average Exposure
0,0.9980689096667275,0.0007983371584880726,1.002030017247654
