Run,Kendall Tau,NDKL,Average Exposure
0,0.9163394415357766,0.01658701770797179,0.9421639944600697
