Sample,Kendall Tau
1,
2,
3,
4,
5,
6,
7,-0.428571429
8,
9,
10,
11,
12,0.619047619
13,
14,
15,0.80952381
16,
17,
18,
19,
20,-0.238095238
21,
22,
23,
24,
25,
26,
27,
28,0.238095238
29,
30,
31,
32,
33,
34,0.428571429
35,-0.238095238
36,
37,
38,
39,
40,
41,
42,
43,
44,0.714285714
45,
46,
47,0.047619048
48,
49,-0.428571429
50,
