Run,Kendall Tau,NDKL,Average Exposure
0,0.5862870032532308,0.47952719697256413,1.4830557387053
