Run,Kendall Tau,NDKL,Average Exposure
0,1.0,0.19128917651181074,0.726186627723862
