Run,Kendall Tau,NDKL,Average Exposure
0,0.6511780104712042,0.4397115905982296,1.6291497430319157
