Run,Kendall Tau,NDKL,Average Exposure
0,0.9986928133476223,-0.0020010749303983597,0.9919844121617858
