Run,Kendall Tau,NDKL,Average Exposure
0,0.6602312390924956,0.4241851391929425,1.6141520050273797
