Run,Kendall Tau,NDKL,Average Exposure
0,1.0,0.2682520372665087,0.7252771687286023
