Run,Kendall Tau,NDKL,Average Exposure
0,1.0,0.2938945790200123,0.6616407792171297
