Run,Kendall Tau,NDKL,Average Exposure
0,0.991979258407175,0.0669187493194183,0.8726453325099441
