Run,Kendall Tau,NDKL,Average Exposure
0,0.9959642233856894,0.017557239135820978,0.9484472798512164
