Run,Kendall Tau,NDKL,Average Exposure
0,1.0,0.2568961425837081,0.7213671915008596
