Run,Kendall Tau,NDKL,Average Exposure
0,0.8444161502985033,0.17021764806201276,0.7849644334143869
