Run,Kendall Tau,NDKL,Average Exposure
0,0.9529886561954625,0.017610324643558956,0.9503792187959247
