Run,Kendall Tau,NDKL,Average Exposure
0,0.8720898488681244,0.05719767490570428,1.0733456724348678
