Run,Kendall Tau,NDKL,Average Exposure
0,1.0,0.2836305203180435,0.6775052555224629
