Run,Kendall Tau,NDKL,Average Exposure
0,0.8742904622225058,0.06548363921384981,1.0830709923699713
