Position,Group_0,Group_1
1,2.0,0.0
2,2.0,0.0
3,1.3333333333333333,0.6666666666666666
4,1.0,1.0
5,0.8,1.2
6,0.6666666666666666,1.3333333333333333
7,0.5714285714285714,1.4285714285714286
8,0.75,1.25
9,0.8888888888888888,1.1111111111111112
10,1.0,1.0
