Run,Kendall Tau,NDKL,Average Exposure
0,0.9979275741710296,0.0163281540049046,1.0119342525061317
