Run,Kendall Tau,NDKL,Average Exposure
0,1.0,0.3241592833761306,0.6670180997980426
