doc_id,Gender,score
2728,male,0.82803
4185,male,0.80456
9060,female,0.74796
9088,male,0.74767
9642,male,0.74193
14913,female,0.69049
15414,female,0.68561
18985,female,0.63451
19201,female,0.63145
24486,male,0.48516
