Run,Kendall Tau,NDKL,Average Exposure
0,0.6718367346938775,0.09946380664090769,0.9104064325110873
