Run,Kendall Tau,NDKL,Average Exposure
0,0.9983673469387755,0.2679268109242531,0.6757772086681224
