Run,Kendall Tau,NDKL,Average Exposure
0,1.0,0.34051213775994504,0.6436866505453013
