Run,Kendall Tau,NDKL,Average Exposure
0,1.0,0.1921184285848811,0.7199178860927168
