Run,Kendall Tau,NDKL,Average Exposure
0,1.0,0.22502479519705634,0.7152444688701896
