doc_id,Gender,score
871,male,0.87092
1460,male,0.85538
1642,male,0.85003
10922,male,0.72883
10987,female,0.72826
12019,female,0.71846
14842,female,0.69121
19787,female,0.62126
21334,female,0.58986
23529,male,0.52613
