Run,Kendall Tau,NDKL,Average Exposure
0,0.8538663950428657,0.16830387984895095,0.7866036712846144
