Run,Kendall Tau,NDKL,Average Exposure
0,0.5792323453816705,0.48662033613918093,1.4957893140042946
