Run,Kendall Tau,NDKL,Average Exposure
0,0.8427044697971555,0.058465806742682556,1.0768075477695158
