Run,Kendall Tau,NDKL,Average Exposure
0,1.0,0.27604994969397423,0.7103630046406973
