Run,Kendall Tau,NDKL,Average Exposure
0,1.0,0.22853252909936592,0.7155784353405601
