Run,Kendall Tau,NDKL,Average Exposure
0,1.0,0.30122089894635307,0.6430359372864294
