Run,Kendall Tau,NDKL,Average Exposure
0,0.8482302011713776,0.16976486913285088,0.7852321169475046
