Run,Kendall Tau,NDKL,Average Exposure
0,1.0,0.3359579046911887,0.6275415102682004
