Run,Kendall Tau,NDKL,Average Exposure
0,0.9352094240837696,0.01749883649822875,0.9497339564431724
