Run,Kendall Tau,NDKL,Average Exposure
0,0.999600086273523,0.06760873617626041,0.8718408771975127
