Run,Kendall Tau,NDKL,Average Exposure
0,0.8280281809693575,0.009170537699894392,0.9694771265943836
