Run,Kendall Tau,NDKL,Average Exposure
0,0.5080459770114942,0.14231650873948623,0.9215293379048933
