Run,Kendall Tau,NDKL,Average Exposure
0,0.9986957612556656,-0.0020183274925581465,0.9915160541173734
