Run,Kendall Tau,NDKL,Average Exposure
0,0.8444048326401268,0.16969916677797348,0.785252426349739
