Run,Kendall Tau,NDKL,Average Exposure
0,0.9894736842105263,0.3495297528445527,0.6081583292869162
