Run,Kendall Tau,NDKL,Average Exposure
0,1.0,0.28991730546735295,0.6695350294294973
