Run,Kendall Tau,NDKL,Average Exposure
0,0.9986970246448271,-0.0019144115889388965,0.9913565126339211
