Run,Kendall Tau,NDKL,Average Exposure
0,0.9995866060355518,0.06753392991855202,0.8718754982790506
