Run,Kendall Tau,NDKL,Average Exposure
0,0.6946938775510204,0.09946380664090769,0.9104064325110873
