Run,Kendall Tau,NDKL,Average Exposure
0,0.9986947084313644,-0.0019886706833178924,0.9921133017435971
