Run,Kendall Tau,NDKL,Average Exposure
0,0.8592721341306583,0.07036722033332364,1.0889956979718312
