Run,Kendall Tau,NDKL,Average Exposure
0,1.0,0.2107353692207196,0.7252521793544424
