doc_id,Gender,score
1,male,0.999
2,female,0.85834
3,male,0.85796
4,male,0.84128
5,male,0.83693
6,male,0.8276
7,male,0.81776
8,male,0.8147
9,male,0.80896
10,male,0.80824
11,male,0.80016
12,female,0.79701
13,male,0.78004
14,male,0.77817
15,male,0.76254
16,male,0.75589
17,female,0.74987
18,female,0.74886
19,female,0.73844
20,male,0.73605
21,female,0.72749
22,female,0.72386
23,male,0.72271
24,female,0.71425
25,female,0.71047
26,female,0.70742
27,female,0.70651
28,female,0.70545
29,male,0.70512
30,male,0.70259
31,male,0.69843
32,female,0.69733
33,female,0.69422
34,male,0.69408
35,female,0.69307
36,female,0.69255
37,male,0.65502
38,female,0.6477
39,female,0.63489
40,male,0.61835
41,female,0.6162
42,female,0.59239
43,female,0.55768
44,male,0.54998
45,female,0.53602
46,male,0.50939
47,male,0.4754
48,female,0.42946
49,female,0.3663
50,female,0.35583
