Run,Kendall Tau,NDKL,Average Exposure
0,0.9986953401259452,-0.0019330852108901126,0.9919331612067557
