Run,Kendall Tau,NDKL,Average Exposure
0,0.9995959595959596,0.20488770746225135,0.7409017819195711
