Run,Kendall Tau,NDKL,Average Exposure
0,0.9729493891797557,0.017516600591425027,0.9528268677713464
