Run,Kendall Tau,NDKL,Average Exposure
0,0.5263157894736842,0.19284508452793347,0.9217739867599303
