Run,Kendall Tau,NDKL,Average Exposure
0,0.7795846289339827,0.12772941641662347,0.856518171372387
