doc_id,Gender,score
1,male,0.98953
2,male,0.82885
3,male,0.79739
4,male,0.7698
5,male,0.76187
6,female,0.75976
7,male,0.7469
8,male,0.74098
9,male,0.73581
10,female,0.73529
11,male,0.73333
12,male,0.73309
13,female,0.73189
14,female,0.72654
15,male,0.72506
16,female,0.723
17,male,0.72271
18,female,0.71985
19,male,0.70545
20,female,0.70216
21,female,0.69733
22,female,0.69236
23,male,0.69216
24,female,0.68566
25,female,0.68074
26,female,0.6794
27,female,0.67414
28,female,0.66845
29,male,0.6619
30,female,0.64474
31,female,0.64321
32,male,0.63762
33,female,0.62963
34,male,0.62638
35,male,0.62232
36,female,0.61687
37,male,0.61041
38,male,0.60707
39,female,0.60578
40,male,0.6019
41,female,0.59688
42,female,0.579
43,male,0.57829
44,female,0.55505
45,female,0.53588
46,male,0.52794
47,female,0.4634
48,male,0.45355
49,male,0.44638
50,female,0.37964
