Run,Kendall Tau,NDKL,Average Exposure
0,0.6477966841186736,0.4334163767170131,1.6246493706537624
