doc_id,Gender,score
489,male,0.88856
858,male,0.87164
5418,female,0.78768
11515,female,0.72338
12783,male,0.71143
15671,male,0.68279
21212,male,0.59301
21929,female,0.57551
21960,female,0.5746
22275,female,0.56586
