Run,Kendall Tau,NDKL,Average Exposure
0,0.5727842982188113,0.5773487621982775,1.5772324826670734
