Run,Kendall Tau,NDKL,Average Exposure
0,1.0,0.27074630976691794,0.6782479230350944
