Position,Group_0,Group_1
1,2.0,0.0
2,2.0,0.0
3,1.3333333333333333,0.6666666666666666
4,1.0,1.0
5,1.2,0.8
6,1.3333333333333333,0.6666666666666666
7,1.4285714285714286,0.5714285714285714
8,1.25,0.75
9,1.1111111111111112,0.8888888888888888
10,1.0,1.0
