Run,Kendall Tau,NDKL,Average Exposure
0,0.6591404886561955,0.40420247812383936,1.5978642756234138
