Run,Kendall Tau,NDKL,Average Exposure
0,1.0,0.31095285373296433,0.6651750241317336
