Run,Kendall Tau,NDKL,Average Exposure
0,0.9573516579406631,0.01762364626363588,0.9458539899125883
