Run,Kendall Tau,NDKL,Average Exposure
0,1.0,0.2894398886645355,0.659733185552433
