Run,Kendall Tau,NDKL,Average Exposure
0,0.9986955506908054,-0.002031394529608859,0.9915700694872364
