Run,Kendall Tau,NDKL,Average Exposure
0,1.0,0.27376329234287444,0.6780302394583175
