Run,Kendall Tau,NDKL,Average Exposure
0,0.8788761437488399,0.04036370969900084,1.0640053238150802
