Run,Kendall Tau,NDKL,Average Exposure
0,0.9986961823853862,-0.0019141165347358092,0.9918623576125084
