Run,Kendall Tau,NDKL,Average Exposure
0,0.9894736842105263,0.2856484186286629,0.6670627054364643
