doc_id,Gender,score
1098,male,0.86351
2025,male,0.84128
3619,female,0.81312
5790,male,0.78305
7636,female,0.76282
8276,female,0.75594
14488,female,0.69479
15327,male,0.68648
15603,female,0.68361
24923,male,0.46111
