Sample,Kendall Tau
1,0.6666666666666666
10,
11,0.3333333333333333
12,0.6666666666666666
13,0.3333333333333333
14,1.0
15,
16,-0.6666666666666666
17,-1.0
18,1.0
19,
2,0.0
20,0.0
21,-1.0
22,
23,0.0
24,-1.0
25,-1.0
26,-1.0
27,-1.0
28,-1.0
29,
3,0.0
30,
31,1.0
32,
33,0.6666666666666666
34,0.0
35,
36,0.3333333333333333
37,0.6666666666666666
38,
39,
4,
40,
42,
43,-1.0
44,-1.0
45,
46,0.6666666666666666
47,
48,
49,0.3333333333333333
5,
50,-1.0
6,-1.0
7,
8,0.6666666666666666
9,-1.0
