Run,Kendall Tau,NDKL,Average Exposure
0,1.0,0.2755872773334647,0.6909299998103577
