Run,Kendall Tau,NDKL,Average Exposure
0,0.5848850585042328,0.5749452416620058,1.57410995492956
