Run,Kendall Tau,NDKL,Average Exposure
0,1.0,0.2724885394012919,0.6827621585168965
