Sample,Kendall Tau
1,-0.16666666666666666
10,
11,0.0
12,
13,
14,
15,0.0
16,-0.1111111111111111
17,
18,
19,
2,
20,
21,
22,0.5555555555555556
23,
24,0.2777777777777778
25,
26,
27,0.05555555555555555
28,
29,0.3333333333333333
3,
30,-0.1111111111111111
31,
32,
33,
34,
35,
36,
37,
38,
39,
4,
40,
41,
42,
43,
44,
45,
46,
47,
48,
49,
5,
50,
6,
7,
8,
9,
