Run,Kendall Tau,NDKL,Average Exposure
0,0.9986944978665042,-0.0019451124979063302,0.9924061069390251
