Run,Kendall Tau,NDKL,Average Exposure
0,1.0,0.305882598919168,0.6688555545368389
