Run,Kendall Tau,NDKL,Average Exposure
0,0.4842105263157895,0.19284508452793347,0.9217739867599303
