Run,Kendall Tau,NDKL,Average Exposure
0,0.923265306122449,0.10062135012514613,0.8348869181782846
1,1.0,0.29321418349791584,0.6698071839702062
2,1.0,0.13104257691114252,0.7771626513428307
3,1.0,0.26998324070302065,0.6761345079273329
4,1.0,0.22285059689724074,0.7056352857906034
5,1.0,0.12349134241240409,0.7980031895732431
6,1.0,0.1386428413785334,0.8168774991928531
7,1.0,0.21730518648276081,0.7284376175188263
8,1.0,0.2862966235618108,0.6782265376662042
9,1.0,0.2040477955885936,0.7417018070136272
