Run,Kendall Tau,NDKL,Average Exposure
0,0.9124638280281108,0.006079828923052678,0.9773711741933647
