Run,Kendall Tau,NDKL,Average Exposure
0,0.6635034904013961,0.43053783682894103,1.6186940823170146
