Run,Kendall Tau,NDKL,Average Exposure
0,0.9988001745200699,0.013852289682464002,0.9835196619022721
