Run,Kendall Tau,NDKL,Average Exposure
0,1.0,0.41278577050400544,0.5938560143192972
