Run,Kendall Tau,NDKL,Average Exposure
0,1.0,0.2703035131694539,0.7041738729586162
