Position,Group_0,Group_1
1,2.0,0.0
2,2.0,0.0
3,1.3333333333333333,0.6666666666666666
4,1.5,0.5
5,1.2,0.8
6,1.0,1.0
7,0.8571428571428571,1.1428571428571428
8,1.0,1.0
9,0.8888888888888888,1.1111111111111112
10,1.0,1.0
