Run,Kendall Tau,NDKL,Average Exposure
0,1.0,0.25589854774177406,0.6629409425969802
