Run,Kendall Tau,NDKL,Average Exposure
0,0.9999547293664941,0.10740433419059049,0.823182271165158
