Sample,Kendall Tau
1,
10,
11,
12,
13,0.4444444444444444
14,
15,
16,
17,
18,
19,
2,
20,
21,
22,0.5555555555555556
23,
24,
25,0.0
26,
27,
28,
29,
3,
30,
31,
32,
33,
34,
35,
36,0.6111111111111112
37,
38,
39,
4,
40,0.5555555555555556
41,
42,
43,0.3888888888888889
44,
45,-0.2222222222222222
46,
47,0.3888888888888889
48,
49,
5,
50,
6,
7,
8,
9,
