Run,Kendall Tau,NDKL,Average Exposure
0,0.9986957612556656,-0.0020191136466251197,0.9915186470899137
