Run,Kendall Tau,NDKL,Average Exposure
0,0.5448275862068965,0.14231650873948623,0.9215293379048933
