Run,Kendall Tau,NDKL,Average Exposure
0,0.9983673469387755,0.26014729378701135,0.6798228684606207
