Run,Kendall Tau,NDKL,Average Exposure
0,1.0,0.27002174778046056,0.7059135193317336
