Run,Kendall Tau,NDKL,Average Exposure
0,1.0,0.20486972090956257,0.7265096306603137
