Run,Kendall Tau,NDKL,Average Exposure
0,1.0,0.24880218365173712,0.7057583473104965
