Run,Kendall Tau,NDKL,Average Exposure
0,0.6941414141414142,0.06621047591342975,0.9705757228430804
