Run,Kendall Tau,NDKL,Average Exposure
0,0.995780685515035,0.06722657242778303,0.8722595237952995
