Run,Kendall Tau,NDKL,Average Exposure
0,0.6590314136125655,0.4149533591386256,1.6069356808413384
