Run,Kendall Tau,NDKL,Average Exposure
0,0.6589223385689355,0.5874094053457892,1.80716124951806
