Run,Kendall Tau,NDKL,Average Exposure
0,1.0,0.23946333448890122,0.6891785337198008
