Run,Kendall Tau,NDKL,Average Exposure
0,0.9388089005235603,0.025607320294216723,0.9079518867929314
