Run,Kendall Tau,NDKL,Average Exposure
0,0.8587631988634551,0.06239186944029363,1.0793884002233194
