Run,Kendall Tau,NDKL,Average Exposure
0,0.9970549738219895,0.01684131247998027,0.9536429331315481
